# Delay in,

delayNoClockSyn,delayClockSyn

, 20.00
, 20.00
, 19.00
, 23.00
, 21.00
, 23.00
, 20.00
, 20.00
, 19.00
, 23.00
, 23.00
, 23.00
, 21.00
, 21.00
, 19.00
, 21.00
, 21.00
, 20.00
, 24.00
, 22.00
, 20.00
, 20.00
, 24.00
, 21.00
, 22.00
, 22.00
, 21.00
, 20.00
, 72.00
, 22.00
, 20.00
, 19.00
, 20.00
, 20.00
, 22.00
, 22.00
, 21.00
, 22.00
, 35.00
, 20.00
, 21.00
, 22.00
, 22.00
, 21.00
, 21.00
, 20.00
, 19.00
, 22.00
, 30.00
, 24.00
, 21.00
, 19.00
, 22.00
, 22.00
, 21.00
, 23.00
, 18.00
, 22.00
, 35.00
, 20.00
, 24.00
, 19.00
, 24.00
, 23.00
, 24.00
, 22.00
, 22.00
, 22.00
, 21.00
, 22.00
, 22.00
, 23.00
, 23.00
, 23.00
, 24.00
, 23.00
, 19.00
, 21.00
, 22.00
, 22.00
, 22.00
, 21.00
, 21.00
, 19.00
, 22.00
, 22.00
, 20.00
, 18.00
, 22.00
, 21.00
, 19.00
, 21.00
, 19.00
, 20.00
, 21.00
, 21.00
, 22.00
, 22.00
, 19.00
, 22.00
, 24.00
, 19.00
, 19.00
, 21.00
, 20.00
, 22.00
, 22.00
, 19.00
, 19.00
, 23.00
, 21.00
, 20.00
, 21.00
, 20.00
, 23.00
, 20.00
, 19.00
, 22.00
, 23.00
, 20.00
, 19.00
, 20.00
, 19.00
, 23.00
, 17.00
, 22.00
, 22.00
, 23.00
, 23.00
, 22.00
, 22.00
, 24.00
, 22.00
, 19.00
, 21.00
, 23.00
, 22.00
, 22.00
, 22.00
, 19.00
, 19.00
, 18.00
, 21.00
, 21.00
, 23.00
, 21.00
, 23.00
, 22.00
, 19.00
, 20.00
, 20.00
, 21.00
, 21.00
, 24.00
, 20.00
, 20.00
, 20.00
, 21.00
, 23.00
, 22.00
, 20.00
, 20.00
, 20.00
, 20.00
, 20.00
, 21.00
, 21.00
, 21.00
, 21.00
, 20.00
, 21.00
, 22.00
, 22.00
, 19.00
, 23.00
, 21.00
, 24.00
, 20.00
, 20.00
, 23.00
, 22.00
, 24.00
, 21.00
, 22.00
, 20.00
, 21.00
, 22.00
, 21.00
, 23.00
, 21.00
, 20.00
, 18.00
, 21.00
, 23.00
, 19.00
, 21.00
, 22.00
, 22.00
, 23.00
, 19.00
, 21.00
, 21.00
, 20.00
, 20.00
, 20.00
, 23.00
, 23.00
, 74.00
, 23.00
, 24.00
, 23.00
, 21.00
, 24.00
, 22.00
, 19.00
, 22.00
, 20.00
, 19.00
, 22.00
, 21.00
, 23.00
, 21.00
, 21.00
, 19.00
, 23.00
, 22.00
, 23.00
, 21.00
, 22.00
, 36.00
, 20.00
, 22.00
, 20.00
, 23.00
, 22.00
, 21.00
, 25.00
, 24.00
, 22.00
, 32.00
, 21.00
, 21.00
, 22.00
, 20.00
, 22.00
, 21.00
, 21.00
, 23.00
, 20.00
, 26.00
, 21.00
, 23.00
, 22.00
, 20.00
, 24.00
, 22.00
, 21.00
, 22.00
, 22.00
, 43.00
, 23.00
, 20.00
, 22.00
, 20.00
, 20.00
, 21.00
, 24.00
, 21.00
, 21.00
, 25.00
, 20.00
, 21.00
, 21.00
, 21.00
, 19.00
, 20.00
, 22.00
, 21.00
, 17.00
, 31.00
, 21.00
, 19.00
, 23.00
, 21.00
, 21.00
, 20.00
, 21.00
, 20.00
, 21.00
, 21.00
, 21.00
, 22.00
, 20.00
, 21.00
, 22.00
, 21.00
, 21.00
, 21.00
, 19.00
, 21.00
, 21.00
, 21.00
, 22.00
, 23.00
, 19.00
, 21.00
, 22.00
, 21.00
, 20.00
, 18.00
, 22.00
, 22.00
, 22.00
, 19.00
, 20.00
, 20.00
, 21.00
, 20.00
, 28.00
, 21.00
, 24.00
, 22.00
, 22.00
, 21.00
, 22.00
, 23.00
, 21.00
, 20.00
, 22.00
, 20.00
, 22.00
, 22.00
, 19.00
, 22.00
, 23.00
, 23.00
, 22.00
, 21.00
, 21.00
, 20.00
, 23.00
, 22.00
, 20.00
, 23.00
, 23.00
, 22.00
, 21.00
, 21.00
, 21.00
, 22.00
, 24.00
, 22.00
, 20.00
, 24.00
, 19.00
, 21.00
, 21.00
, 20.00
, 21.00
, 20.00
, 18.00
, 21.00
, 20.00
, 20.00
, 19.00
, 21.00
, 23.00
, 22.00
, 23.00
, 23.00
, 21.00
, 21.00
, 23.00
, 21.00
, 22.00
, 23.00
, 21.00
, 21.00
, 20.00
, 18.00
, 19.00
, 22.00
, 22.00
, 19.00
, 23.00
, 22.00
, 18.00
, 21.00
, 20.00
, 22.00
, 23.00
, 23.00
, 22.00
, 22.00
, 21.00
, 18.00
, 23.00
, 21.00
, 23.00
, 19.00
, 23.00
, 23.00
, 19.00
, 20.00
, 19.00
, 22.00
, 25.00
, 22.00
, 23.00
, 20.00
, 20.00
, 21.00
, 22.00
, 21.00
, 21.00
, 22.00
, 20.00
, 20.00
, 23.00
, 21.00
, 19.00
, 20.00
, 21.00
, 21.00
, 21.00
, 22.00
, 20.00
, 25.00
, 21.00
, 18.00
, 20.00
, 19.00
, 24.00
, 21.00
, 22.00
, 22.00
, 19.00
, 20.00
, 22.00
, 21.00
, 25.00
, 21.00
, 22.00
, 23.00
, 24.00
, 20.00
, 24.00
, 21.00
, 22.00
, 22.00
, 27.00
, 22.00
, 22.00
, 21.00
, 22.00
, 22.00
, 23.00
, 22.00
, 22.00
, 22.00
, 21.00
, 19.00
, 22.00
, 20.00
, 21.00
, 23.00
, 23.00
, 24.00
, 76.00
, 23.00
, 77.00
, 20.00
, 20.00
, 21.00
, 22.00
, 19.00
, 23.00
, 22.00

22.00,
21.00,
20.00,
19.00,
19.00,
21.00,
21.00,
22.00,
20.00,
21.00,
22.00,
22.00,
23.00,
23.00,
24.00,
18.00,
24.00,
23.00,
20.00,
18.00,
20.00,
23.00,
22.00,
23.00,
21.00,
24.00,
20.00,
23.00,
20.00,
21.00,
21.00,
20.00,
22.00,
19.00,
19.00,
21.00,
21.00,
22.00,
21.00,
20.00,
23.00,
20.00,
22.00,
20.00,
19.00,
22.00,
20.00,
22.00,
19.00,
23.00,
20.00,
21.00,
24.00,
19.00,
21.00,
20.00,
22.00,
21.00,
20.00,
23.00,
22.00,
21.00,
19.00,
20.00,
20.00,
20.00,
19.00,
21.00,
20.00,
22.00,
22.00,
19.00,
21.00,
18.00,
20.00,
21.00,
23.00,
23.00,
22.00,
20.00,
21.00,
21.00,
20.00,
21.00,
22.00,
23.00,
19.00,
27.00,
24.00,
23.00,
22.00,
20.00,
21.00,
22.00,
20.00,
20.00,
21.00,
20.00,
19.00,
22.00,
19.00,
22.00,
18.00,
23.00,
23.00,
22.00,
19.00,
22.00,
19.00,
20.00,
21.00,
20.00,
19.00,
21.00,
20.00,
22.00,
20.00,
20.00,
22.00,
21.00,
22.00,
22.00,
21.00,
21.00,
22.00,
23.00,
22.00,
21.00,
24.00,
20.00,
23.00,
22.00,
20.00,
21.00,
21.00,
23.00,
21.00,
18.00,
21.00,
22.00,
21.00,
23.00,
23.00,
22.00,
21.00,
22.00,
22.00,
18.00,
21.00,
24.00,
24.00,
23.00,
21.00,
23.00,
20.00,
21.00,
20.00,
23.00,
22.00,
22.00,
20.00,
21.00,
21.00,
21.00,
21.00,
22.00,
21.00,
21.00,
23.00,
22.00,
23.00,
22.00,
20.00,
22.00,
18.00,
21.00,
21.00,
22.00,
21.00,
21.00,
20.00,
20.00,
21.00,
21.00,
19.00,
21.00,
20.00,
20.00,
21.00,
19.00,
21.00,
19.00,
22.00,
21.00,
18.00,
21.00,
22.00,
23.00,
20.00,
23.00,
20.00,
22.00,
22.00,
18.00,
22.00,
21.00,
20.00,
21.00,
20.00,
21.00,
19.00,
21.00,
20.00,
20.00,
21.00,
21.00,
20.00,
20.00,
23.00,
21.00,
22.00,
21.00,
21.00,
20.00,
22.00,
25.00,
23.00,
20.00,
22.00,
20.00,
24.00,
20.00,
21.00,
22.00,
22.00,
21.00,
20.00,
20.00,
23.00,
21.00,
19.00,
22.00,
24.00,
22.00,
23.00,
20.00,
20.00,
19.00,
22.00,
22.00,
22.00,
23.00,
21.00,
20.00,
19.00,
23.00,
18.00,
23.00,
22.00,
21.00,
22.00,
23.00,
22.00,
22.00,
20.00,
21.00,
22.00,
20.00,
22.00,
20.00,
21.00,
24.00,
19.00,
18.00,
19.00,
22.00,
21.00,
18.00,
20.00,
20.00,
23.00,
23.00,
22.00,
21.00,
23.00,
21.00,
22.00,
19.00,
22.00,
21.00,
23.00,
18.00,
24.00,
19.00,
21.00,
24.00,
22.00,
22.00,
20.00,
21.00,
21.00,
24.00,
19.00,
21.00,
22.00,
21.00,
24.00,
19.00,
34.00,
22.00,
20.00,
21.00,
20.00,
20.00,
22.00,
20.00,
22.00,
21.00,
22.00,
22.00,
19.00,
22.00,
23.00,
22.00,
21.00,
19.00,
22.00,
22.00,
21.00,
22.00,
24.00,
20.00,
18.00,
23.00,
22.00,
20.00,
21.00,
21.00,
20.00,
22.00,
23.00,
20.00,
21.00,
22.00,
22.00,
75.00,
23.00,
21.00,
22.00,
23.00,
20.00,
20.00,
25.00,
19.00,
22.00,
20.00,
20.00,
21.00,
19.00,
22.00,
22.00,
23.00,
20.00,
23.00,
21.00,
19.00,
19.00,
22.00,
20.00,
21.00,
21.00,
20.00,
22.00,
23.00,
18.00,
20.00,
21.00,
23.00,
19.00,
23.00,
20.00,
21.00,
23.00,
21.00,
19.00,
21.00,
22.00,
22.00,
21.00,
21.00,
21.00,
19.00,
21.00,
22.00,
20.00,
21.00,
22.00,
19.00,
20.00,
19.00,
21.00,
24.00,
21.00,
20.00,
21.00,
21.00,
24.00,
21.00,
20.00,
22.00,
20.00,
21.00,
22.00,
19.00,
21.00,
22.00,
21.00,
19.00,
20.00,
22.00,
20.00,
22.00,
21.00,
21.00,
22.00,
22.00,
20.00,
22.00,
23.00,
21.00,
20.00,
19.00,
22.00,
20.00,
20.00,
21.00,
22.00,
20.00,
22.00,
21.00,
19.00,
20.00,
19.00,
24.00,
24.00,
20.00,
18.00,
23.00,
22.00,
21.00,
21.00,
22.00,
20.00,
18.00,
19.00,
23.00,
21.00,
22.00,
21.00,
23.00,
18.00,
19.00,
21.00,
22.00,
21.00,
21.00,
23.00,
20.00,
21.00,
24.00,
22.00,
21.00,
21.00,
22.00,
18.00,
20.00,
19.00,
25.00,
21.00,
22.00,
19.00,
21.00,
20.00,
18.00,
21.00,
21.00,
21.00,
22.00,
20.00,